{
	"BUILD_DIR" : "E:/desktop/lifegame/build-life-Desktop_Qt_5_15_2_MinGW_64_bit-Release/life_autogen",
	"CMAKE_BINARY_DIR" : "E:/desktop/lifegame/build-life-Desktop_Qt_5_15_2_MinGW_64_bit-Release",
	"CMAKE_CURRENT_BINARY_DIR" : "E:/desktop/lifegame/build-life-Desktop_Qt_5_15_2_MinGW_64_bit-Release",
	"CMAKE_CURRENT_SOURCE_DIR" : "E:/desktop/lifegame/life",
	"CMAKE_EXECUTABLE" : "E:/softwares/qt5.15/Tools/CMake_64/bin/cmake.exe",
	"CMAKE_LIST_FILES" : 
	[
		"E:/desktop/lifegame/life/CMakeLists.txt",
		"E:/desktop/lifegame/build-life-Desktop_Qt_5_15_2_MinGW_64_bit-Release/.qtc/package-manager/auto-setup.cmake",
		"E:/softwares/qt5.15/Tools/CMake_64/share/cmake-3.27/Modules/CMakeDetermineSystem.cmake",
		"E:/softwares/qt5.15/Tools/CMake_64/share/cmake-3.27/Modules/CMakeSystem.cmake.in",
		"E:/desktop/lifegame/build-life-Desktop_Qt_5_15_2_MinGW_64_bit-Release/CMakeFiles/3.27.7/CMakeSystem.cmake",
		"E:/softwares/qt5.15/Tools/CMake_64/share/cmake-3.27/Modules/CMakeNinjaFindMake.cmake",
		"E:/softwares/qt5.15/Tools/CMake_64/share/cmake-3.27/Modules/CMakeSystemSpecificInitialize.cmake",
		"E:/softwares/qt5.15/Tools/CMake_64/share/cmake-3.27/Modules/Platform/Windows-Initialize.cmake",
		"E:/softwares/qt5.15/Tools/CMake_64/share/cmake-3.27/Modules/CMakeDetermineCXXCompiler.cmake",
		"E:/softwares/qt5.15/Tools/CMake_64/share/cmake-3.27/Modules/CMakeDetermineCompiler.cmake",
		"E:/softwares/qt5.15/Tools/CMake_64/share/cmake-3.27/Modules/Platform/Windows-Determine-CXX.cmake",
		"E:/softwares/qt5.15/Tools/CMake_64/share/cmake-3.27/Modules/CMakeDetermineCompilerId.cmake",
		"E:/softwares/qt5.15/Tools/CMake_64/share/cmake-3.27/Modules/CMakeCompilerIdDetection.cmake",
		"E:/softwares/qt5.15/Tools/CMake_64/share/cmake-3.27/Modules/Compiler/ADSP-DetermineCompiler.cmake",
		"E:/softwares/qt5.15/Tools/CMake_64/share/cmake-3.27/Modules/Compiler/ARMCC-DetermineCompiler.cmake",
		"E:/softwares/qt5.15/Tools/CMake_64/share/cmake-3.27/Modules/Compiler/ARMClang-DetermineCompiler.cmake",
		"E:/softwares/qt5.15/Tools/CMake_64/share/cmake-3.27/Modules/Compiler/AppleClang-DetermineCompiler.cmake",
		"E:/softwares/qt5.15/Tools/CMake_64/share/cmake-3.27/Modules/Compiler/Clang-DetermineCompilerInternal.cmake",
		"E:/softwares/qt5.15/Tools/CMake_64/share/cmake-3.27/Modules/Compiler/Borland-DetermineCompiler.cmake",
		"E:/softwares/qt5.15/Tools/CMake_64/share/cmake-3.27/Modules/Compiler/Clang-DetermineCompiler.cmake",
		"E:/softwares/qt5.15/Tools/CMake_64/share/cmake-3.27/Modules/Compiler/Clang-DetermineCompilerInternal.cmake",
		"E:/softwares/qt5.15/Tools/CMake_64/share/cmake-3.27/Modules/Compiler/Comeau-CXX-DetermineCompiler.cmake",
		"E:/softwares/qt5.15/Tools/CMake_64/share/cmake-3.27/Modules/Compiler/Compaq-CXX-DetermineCompiler.cmake",
		"E:/softwares/qt5.15/Tools/CMake_64/share/cmake-3.27/Modules/Compiler/Cray-DetermineCompiler.cmake",
		"E:/softwares/qt5.15/Tools/CMake_64/share/cmake-3.27/Modules/Compiler/Embarcadero-DetermineCompiler.cmake",
		"E:/softwares/qt5.15/Tools/CMake_64/share/cmake-3.27/Modules/Compiler/Fujitsu-DetermineCompiler.cmake",
		"E:/softwares/qt5.15/Tools/CMake_64/share/cmake-3.27/Modules/Compiler/FujitsuClang-DetermineCompiler.cmake",
		"E:/softwares/qt5.15/Tools/CMake_64/share/cmake-3.27/Modules/Compiler/GHS-DetermineCompiler.cmake",
		"E:/softwares/qt5.15/Tools/CMake_64/share/cmake-3.27/Modules/Compiler/GNU-CXX-DetermineCompiler.cmake",
		"E:/softwares/qt5.15/Tools/CMake_64/share/cmake-3.27/Modules/Compiler/HP-CXX-DetermineCompiler.cmake",
		"E:/softwares/qt5.15/Tools/CMake_64/share/cmake-3.27/Modules/Compiler/IAR-DetermineCompiler.cmake",
		"E:/softwares/qt5.15/Tools/CMake_64/share/cmake-3.27/Modules/Compiler/IBMClang-CXX-DetermineCompiler.cmake",
		"E:/softwares/qt5.15/Tools/CMake_64/share/cmake-3.27/Modules/Compiler/Intel-DetermineCompiler.cmake",
		"E:/softwares/qt5.15/Tools/CMake_64/share/cmake-3.27/Modules/Compiler/IntelLLVM-DetermineCompiler.cmake",
		"E:/softwares/qt5.15/Tools/CMake_64/share/cmake-3.27/Modules/Compiler/LCC-CXX-DetermineCompiler.cmake",
		"E:/softwares/qt5.15/Tools/CMake_64/share/cmake-3.27/Modules/Compiler/MSVC-DetermineCompiler.cmake",
		"E:/softwares/qt5.15/Tools/CMake_64/share/cmake-3.27/Modules/Compiler/NVHPC-DetermineCompiler.cmake",
		"E:/softwares/qt5.15/Tools/CMake_64/share/cmake-3.27/Modules/Compiler/NVIDIA-DetermineCompiler.cmake",
		"E:/softwares/qt5.15/Tools/CMake_64/share/cmake-3.27/Modules/Compiler/OpenWatcom-DetermineCompiler.cmake",
		"E:/softwares/qt5.15/Tools/CMake_64/share/cmake-3.27/Modules/Compiler/PGI-DetermineCompiler.cmake",
		"E:/softwares/qt5.15/Tools/CMake_64/share/cmake-3.27/Modules/Compiler/PathScale-DetermineCompiler.cmake",
		"E:/softwares/qt5.15/Tools/CMake_64/share/cmake-3.27/Modules/Compiler/SCO-DetermineCompiler.cmake",
		"E:/softwares/qt5.15/Tools/CMake_64/share/cmake-3.27/Modules/Compiler/SunPro-CXX-DetermineCompiler.cmake",
		"E:/softwares/qt5.15/Tools/CMake_64/share/cmake-3.27/Modules/Compiler/TI-DetermineCompiler.cmake",
		"E:/softwares/qt5.15/Tools/CMake_64/share/cmake-3.27/Modules/Compiler/Tasking-DetermineCompiler.cmake",
		"E:/softwares/qt5.15/Tools/CMake_64/share/cmake-3.27/Modules/Compiler/VisualAge-CXX-DetermineCompiler.cmake",
		"E:/softwares/qt5.15/Tools/CMake_64/share/cmake-3.27/Modules/Compiler/IBMCPP-CXX-DetermineVersionInternal.cmake",
		"E:/softwares/qt5.15/Tools/CMake_64/share/cmake-3.27/Modules/Compiler/Watcom-DetermineCompiler.cmake",
		"E:/softwares/qt5.15/Tools/CMake_64/share/cmake-3.27/Modules/Compiler/XL-CXX-DetermineCompiler.cmake",
		"E:/softwares/qt5.15/Tools/CMake_64/share/cmake-3.27/Modules/Compiler/IBMCPP-CXX-DetermineVersionInternal.cmake",
		"E:/softwares/qt5.15/Tools/CMake_64/share/cmake-3.27/Modules/Compiler/XLClang-CXX-DetermineCompiler.cmake",
		"E:/softwares/qt5.15/Tools/CMake_64/share/cmake-3.27/Modules/Compiler/zOS-CXX-DetermineCompiler.cmake",
		"E:/softwares/qt5.15/Tools/CMake_64/share/cmake-3.27/Modules/Compiler/IBMCPP-CXX-DetermineVersionInternal.cmake",
		"E:/softwares/qt5.15/Tools/CMake_64/share/cmake-3.27/Modules/CMakeFindBinUtils.cmake",
		"E:/softwares/qt5.15/Tools/CMake_64/share/cmake-3.27/Modules/Compiler/GNU-FindBinUtils.cmake",
		"E:/softwares/qt5.15/Tools/CMake_64/share/cmake-3.27/Modules/CMakeCXXCompiler.cmake.in",
		"E:/desktop/lifegame/build-life-Desktop_Qt_5_15_2_MinGW_64_bit-Release/CMakeFiles/3.27.7/CMakeCXXCompiler.cmake",
		"E:/softwares/qt5.15/Tools/CMake_64/share/cmake-3.27/Modules/CMakeSystemSpecificInformation.cmake",
		"E:/softwares/qt5.15/Tools/CMake_64/share/cmake-3.27/Modules/CMakeGenericSystem.cmake",
		"E:/softwares/qt5.15/Tools/CMake_64/share/cmake-3.27/Modules/CMakeInitializeConfigs.cmake",
		"E:/softwares/qt5.15/Tools/CMake_64/share/cmake-3.27/Modules/Platform/Windows.cmake",
		"E:/softwares/qt5.15/Tools/CMake_64/share/cmake-3.27/Modules/Platform/WindowsPaths.cmake",
		"E:/softwares/qt5.15/Tools/CMake_64/share/cmake-3.27/Modules/CMakeCXXInformation.cmake",
		"E:/softwares/qt5.15/Tools/CMake_64/share/cmake-3.27/Modules/CMakeLanguageInformation.cmake",
		"E:/softwares/qt5.15/Tools/CMake_64/share/cmake-3.27/Modules/Compiler/GNU-CXX.cmake",
		"E:/softwares/qt5.15/Tools/CMake_64/share/cmake-3.27/Modules/Compiler/GNU.cmake",
		"E:/softwares/qt5.15/Tools/CMake_64/share/cmake-3.27/Modules/Compiler/CMakeCommonCompilerMacros.cmake",
		"E:/softwares/qt5.15/Tools/CMake_64/share/cmake-3.27/Modules/Platform/Windows-GNU-CXX.cmake",
		"E:/softwares/qt5.15/Tools/CMake_64/share/cmake-3.27/Modules/Platform/Windows-GNU.cmake",
		"E:/softwares/qt5.15/Tools/CMake_64/share/cmake-3.27/Modules/CMakeDetermineRCCompiler.cmake",
		"E:/softwares/qt5.15/Tools/CMake_64/share/cmake-3.27/Modules/CMakeRCCompiler.cmake.in",
		"E:/desktop/lifegame/build-life-Desktop_Qt_5_15_2_MinGW_64_bit-Release/CMakeFiles/3.27.7/CMakeRCCompiler.cmake",
		"E:/softwares/qt5.15/Tools/CMake_64/share/cmake-3.27/Modules/CMakeRCInformation.cmake",
		"E:/softwares/qt5.15/Tools/CMake_64/share/cmake-3.27/Modules/Platform/Windows-windres.cmake",
		"E:/softwares/qt5.15/Tools/CMake_64/share/cmake-3.27/Modules/CMakeTestRCCompiler.cmake",
		"E:/softwares/qt5.15/Tools/CMake_64/share/cmake-3.27/Modules/CMakeCommonLanguageInclude.cmake",
		"E:/softwares/qt5.15/Tools/CMake_64/share/cmake-3.27/Modules/CMakeTestCXXCompiler.cmake",
		"E:/softwares/qt5.15/Tools/CMake_64/share/cmake-3.27/Modules/CMakeTestCompilerCommon.cmake",
		"E:/softwares/qt5.15/Tools/CMake_64/share/cmake-3.27/Modules/CMakeDetermineCompilerABI.cmake",
		"E:/softwares/qt5.15/Tools/CMake_64/share/cmake-3.27/Modules/CMakeParseImplicitIncludeInfo.cmake",
		"E:/softwares/qt5.15/Tools/CMake_64/share/cmake-3.27/Modules/CMakeParseImplicitLinkInfo.cmake",
		"E:/softwares/qt5.15/Tools/CMake_64/share/cmake-3.27/Modules/CMakeParseLibraryArchitecture.cmake",
		"E:/softwares/qt5.15/Tools/CMake_64/share/cmake-3.27/Modules/CMakeTestCompilerCommon.cmake",
		"E:/softwares/qt5.15/Tools/CMake_64/share/cmake-3.27/Modules/CMakeCXXCompilerABI.cpp",
		"E:/softwares/qt5.15/Tools/CMake_64/share/cmake-3.27/Modules/CMakeDetermineCompileFeatures.cmake",
		"E:/softwares/qt5.15/Tools/CMake_64/share/cmake-3.27/Modules/Internal/FeatureTesting.cmake",
		"E:/softwares/qt5.15/Tools/CMake_64/share/cmake-3.27/Modules/CMakeCXXCompiler.cmake.in",
		"E:/desktop/lifegame/build-life-Desktop_Qt_5_15_2_MinGW_64_bit-Release/CMakeFiles/3.27.7/CMakeCXXCompiler.cmake",
		"E:/softwares/qt5.15/Tools/CMake_64/share/cmake-3.27/Modules/Platform/Windows-GNU-CXX-ABI.cmake",
		"E:/softwares/qt5.15/5.15.2/mingw81_64/lib/cmake/Qt5/Qt5ConfigVersion.cmake",
		"E:/softwares/qt5.15/5.15.2/mingw81_64/lib/cmake/Qt5/Qt5Config.cmake",
		"E:/softwares/qt5.15/5.15.2/mingw81_64/lib/cmake/Qt5/Qt5ConfigVersion.cmake",
		"E:/softwares/qt5.15/5.15.2/mingw81_64/lib/cmake/Qt5/Qt5Config.cmake",
		"E:/softwares/qt5.15/5.15.2/mingw81_64/lib/cmake/Qt5/Qt5ModuleLocation.cmake",
		"E:/softwares/qt5.15/5.15.2/mingw81_64/lib/cmake/Qt5Widgets/Qt5WidgetsConfigVersion.cmake",
		"E:/softwares/qt5.15/5.15.2/mingw81_64/lib/cmake/Qt5Widgets/Qt5WidgetsConfig.cmake",
		"E:/softwares/qt5.15/5.15.2/mingw81_64/lib/cmake/Qt5Gui/Qt5GuiConfigVersion.cmake",
		"E:/softwares/qt5.15/5.15.2/mingw81_64/lib/cmake/Qt5Gui/Qt5GuiConfig.cmake",
		"E:/softwares/qt5.15/5.15.2/mingw81_64/lib/cmake/Qt5Core/Qt5CoreConfigVersion.cmake",
		"E:/softwares/qt5.15/5.15.2/mingw81_64/lib/cmake/Qt5Core/Qt5CoreConfig.cmake",
		"E:/softwares/qt5.15/5.15.2/mingw81_64/lib/cmake/Qt5Core/Qt5CoreConfigExtras.cmake",
		"E:/softwares/qt5.15/5.15.2/mingw81_64/lib/cmake/Qt5Core/Qt5CoreConfigExtrasMkspecDir.cmake",
		"E:/softwares/qt5.15/5.15.2/mingw81_64/lib/cmake/Qt5Core/Qt5CoreMacros.cmake",
		"E:/softwares/qt5.15/Tools/CMake_64/share/cmake-3.27/Modules/CMakeParseArguments.cmake",
		"E:/softwares/qt5.15/5.15.2/mingw81_64/lib/cmake/Qt5Gui/Qt5Gui_QGifPlugin.cmake",
		"E:/softwares/qt5.15/5.15.2/mingw81_64/lib/cmake/Qt5Gui/Qt5Gui_QICNSPlugin.cmake",
		"E:/softwares/qt5.15/5.15.2/mingw81_64/lib/cmake/Qt5Gui/Qt5Gui_QICOPlugin.cmake",
		"E:/softwares/qt5.15/5.15.2/mingw81_64/lib/cmake/Qt5Gui/Qt5Gui_QJpegPlugin.cmake",
		"E:/softwares/qt5.15/5.15.2/mingw81_64/lib/cmake/Qt5Gui/Qt5Gui_QMinimalIntegrationPlugin.cmake",
		"E:/softwares/qt5.15/5.15.2/mingw81_64/lib/cmake/Qt5Gui/Qt5Gui_QOffscreenIntegrationPlugin.cmake",
		"E:/softwares/qt5.15/5.15.2/mingw81_64/lib/cmake/Qt5Gui/Qt5Gui_QSvgIconPlugin.cmake",
		"E:/softwares/qt5.15/5.15.2/mingw81_64/lib/cmake/Qt5Gui/Qt5Gui_QSvgPlugin.cmake",
		"E:/softwares/qt5.15/5.15.2/mingw81_64/lib/cmake/Qt5Gui/Qt5Gui_QTgaPlugin.cmake",
		"E:/softwares/qt5.15/5.15.2/mingw81_64/lib/cmake/Qt5Gui/Qt5Gui_QTiffPlugin.cmake",
		"E:/softwares/qt5.15/5.15.2/mingw81_64/lib/cmake/Qt5Gui/Qt5Gui_QTuioTouchPlugin.cmake",
		"E:/softwares/qt5.15/5.15.2/mingw81_64/lib/cmake/Qt5Gui/Qt5Gui_QVirtualKeyboardPlugin.cmake",
		"E:/softwares/qt5.15/5.15.2/mingw81_64/lib/cmake/Qt5Gui/Qt5Gui_QWbmpPlugin.cmake",
		"E:/softwares/qt5.15/5.15.2/mingw81_64/lib/cmake/Qt5Gui/Qt5Gui_QWebGLIntegrationPlugin.cmake",
		"E:/softwares/qt5.15/5.15.2/mingw81_64/lib/cmake/Qt5Gui/Qt5Gui_QWebpPlugin.cmake",
		"E:/softwares/qt5.15/5.15.2/mingw81_64/lib/cmake/Qt5Gui/Qt5Gui_QWindowsDirect2DIntegrationPlugin.cmake",
		"E:/softwares/qt5.15/5.15.2/mingw81_64/lib/cmake/Qt5Gui/Qt5Gui_QWindowsIntegrationPlugin.cmake",
		"E:/softwares/qt5.15/5.15.2/mingw81_64/lib/cmake/Qt5Gui/Qt5Gui_QXdgDesktopPortalThemePlugin.cmake",
		"E:/softwares/qt5.15/5.15.2/mingw81_64/lib/cmake/Qt5Gui/Qt5GuiConfigExtras.cmake",
		"E:/softwares/qt5.15/5.15.2/mingw81_64/lib/cmake/Qt5Widgets/Qt5Widgets_QWindowsVistaStylePlugin.cmake",
		"E:/softwares/qt5.15/5.15.2/mingw81_64/lib/cmake/Qt5Widgets/Qt5WidgetsConfigExtras.cmake",
		"E:/softwares/qt5.15/5.15.2/mingw81_64/lib/cmake/Qt5Widgets/Qt5WidgetsMacros.cmake",
		"E:/softwares/qt5.15/Tools/CMake_64/share/cmake-3.27/Modules/CMakeParseArguments.cmake",
		"E:/softwares/qt5.15/5.15.2/mingw81_64/lib/cmake/Qt5LinguistTools/Qt5LinguistToolsConfigVersion.cmake",
		"E:/softwares/qt5.15/5.15.2/mingw81_64/lib/cmake/Qt5LinguistTools/Qt5LinguistToolsConfig.cmake",
		"E:/softwares/qt5.15/5.15.2/mingw81_64/lib/cmake/Qt5LinguistTools/Qt5LinguistToolsMacros.cmake",
		"E:/softwares/qt5.15/Tools/CMake_64/share/cmake-3.27/Modules/CMakeParseArguments.cmake",
		"E:/softwares/qt5.15/Tools/CMake_64/share/cmake-3.27/Modules/GNUInstallDirs.cmake"
	],
	"CMAKE_SOURCE_DIR" : "E:/desktop/lifegame/life",
	"DEP_FILE" : "E:/desktop/lifegame/build-life-Desktop_Qt_5_15_2_MinGW_64_bit-Release/life_autogen/deps",
	"DEP_FILE_RULE_NAME" : "life_autogen/timestamp",
	"HEADERS" : 
	[
		[
			"E:/desktop/lifegame/life/widget.h",
			"MU",
			"EWIEGA46WW/moc_widget.cpp",
			null
		]
	],
	"HEADER_EXTENSIONS" : [ "h", "hh", "h++", "hm", "hpp", "hxx", "in", "txx" ],
	"INCLUDE_DIR" : "E:/desktop/lifegame/build-life-Desktop_Qt_5_15_2_MinGW_64_bit-Release/life_autogen/include",
	"MOC_COMPILATION_FILE" : "E:/desktop/lifegame/build-life-Desktop_Qt_5_15_2_MinGW_64_bit-Release/life_autogen/mocs_compilation.cpp",
	"MOC_DEFINITIONS" : [ "QT_CORE_LIB", "QT_GUI_LIB", "QT_NO_DEBUG", "QT_WIDGETS_LIB" ],
	"MOC_DEPEND_FILTERS" : 
	[
		[
			"Q_PLUGIN_METADATA",
			"[\n][ \t]*Q_PLUGIN_METADATA[ \t]*\\([^\\)]*FILE[ \t]*\"([^\"]+)\""
		]
	],
	"MOC_INCLUDES" : 
	[
		"E:/softwares/qt5.15/5.15.2/mingw81_64/include",
		"E:/softwares/qt5.15/5.15.2/mingw81_64/include/QtWidgets",
		"E:/softwares/qt5.15/5.15.2/mingw81_64/include/QtGui",
		"E:/softwares/qt5.15/5.15.2/mingw81_64/include/QtANGLE",
		"E:/softwares/qt5.15/5.15.2/mingw81_64/include/QtCore",
		"E:/softwares/qt5.15/5.15.2/mingw81_64/mkspecs/win32-g++",
		"E:/softwares/qt5.15/Tools/mingw810_64/lib/gcc/x86_64-w64-mingw32/8.1.0/include/c++",
		"E:/softwares/qt5.15/Tools/mingw810_64/lib/gcc/x86_64-w64-mingw32/8.1.0/include/c++/x86_64-w64-mingw32",
		"E:/softwares/qt5.15/Tools/mingw810_64/lib/gcc/x86_64-w64-mingw32/8.1.0/include/c++/backward",
		"E:/softwares/qt5.15/Tools/mingw810_64/lib/gcc/x86_64-w64-mingw32/8.1.0/include",
		"E:/softwares/qt5.15/Tools/mingw810_64/lib/gcc/x86_64-w64-mingw32/8.1.0/include-fixed",
		"E:/softwares/qt5.15/Tools/mingw810_64/x86_64-w64-mingw32/include"
	],
	"MOC_MACRO_NAMES" : [ "Q_OBJECT", "Q_GADGET", "Q_NAMESPACE", "Q_NAMESPACE_EXPORT" ],
	"MOC_OPTIONS" : [],
	"MOC_PATH_PREFIX" : false,
	"MOC_PREDEFS_CMD" : 
	[
		"E:/softwares/qt5.15/Tools/mingw810_64/bin/g++.exe",
		"-std=gnu++17",
		"-dM",
		"-E",
		"-c",
		"E:/softwares/qt5.15/Tools/CMake_64/share/cmake-3.27/Modules/CMakeCXXCompilerABI.cpp"
	],
	"MOC_PREDEFS_FILE" : "E:/desktop/lifegame/build-life-Desktop_Qt_5_15_2_MinGW_64_bit-Release/life_autogen/moc_predefs.h",
	"MOC_RELAXED_MODE" : false,
	"MOC_SKIP" : [],
	"MULTI_CONFIG" : false,
	"PARALLEL" : 8,
	"PARSE_CACHE_FILE" : "E:/desktop/lifegame/build-life-Desktop_Qt_5_15_2_MinGW_64_bit-Release/CMakeFiles/life_autogen.dir/ParseCache.txt",
	"QT_MOC_EXECUTABLE" : "E:/softwares/qt5.15/5.15.2/mingw81_64/bin/moc.exe",
	"QT_UIC_EXECUTABLE" : "E:/softwares/qt5.15/5.15.2/mingw81_64/bin/uic.exe",
	"QT_VERSION_MAJOR" : 5,
	"QT_VERSION_MINOR" : 15,
	"SETTINGS_FILE" : "E:/desktop/lifegame/build-life-Desktop_Qt_5_15_2_MinGW_64_bit-Release/CMakeFiles/life_autogen.dir/AutogenUsed.txt",
	"SOURCES" : 
	[
		[ "E:/desktop/lifegame/life/main.cpp", "MU", null ],
		[ "E:/desktop/lifegame/life/widget.cpp", "MU", null ]
	],
	"UIC_OPTIONS" : [],
	"UIC_SEARCH_PATHS" : [],
	"UIC_SKIP" : [],
	"UIC_UI_FILES" : [],
	"VERBOSITY" : 0
}
